{"stop_early": false, "early_stopping_step": 0, "early_stopping_best_val": 100000000.0, "early_stopping_criteria": 5, "learning_rate": 0.001, "epoch_index": 19, "train_loss": [0.761804228640038, 0.49620309834973786, 0.4276149891192147, 0.38412107180242644, 0.34777931830473, 0.3124421674593758, 0.23801242429734748, 0.20388707732909356, 0.1509756815125045, 0.12711014142727753, 0.09746367403247946, 0.08514628640575894, 0.07104901815771693, 0.06506092253862643, 0.057107140590781265, 0.05527824216240185, 0.05147756965082458, 0.04919633497817156, 0.04718359573595396, 0.04638134061108673], "train_acc": [69.58832762557071, 82.15610730593608, 84.83875570776257, 86.28115487062391, 87.63437024353098, 88.84726978691013, 91.6856925418568, 92.86054033485539, 94.89274162861489, 95.70253044140041, 96.78700532724511, 97.20438546423138, 97.60868531202445, 97.82629375951295, 98.0581716133941, 98.09741248097404, 98.24843036529681, 98.3328576864535, 98.36972031963468, 98.39707001522078], "val_loss": [0.6293867435438414, 0.4731295058067809, 0.4576076734150555, 0.4430879060680985, 0.45489449767356227, 0.4525952032694581, 0.4602176662243848, 0.4962397470330517, 0.5602319015467423, 0.6214978134801202, 0.7361960438549093, 0.7642142172400833, 0.8566359387221913, 0.9075503810077695, 0.9591233113133316, 0.9890563743757018, 1.0183496496356126, 1.045273247974139, 1.0729075456764685, 1.0880291658513088], "val_acc": [77.22074468085108, 82.96764184397168, 83.49290780141848, 84.15447695035463, 84.32180851063823, 84.18218085106382, 85.09530141843969, 84.87810283687944, 84.8082890070922, 84.54122340425533, 84.69193262411349, 84.42819148936172, 84.49246453900714, 84.18328900709218, 84.12234042553192, 84.00044326241134, 83.94835992907804, 83.93838652482272, 83.86303191489361, 83.86857269503544], "test_loss": 1.073128401387668, "test_acc": 84.03368794326242, "model_filename": "news/model.pth"}