{"stop_early": false, "early_stopping_step": 0, "early_stopping_best_val": 100000000.0, "early_stopping_criteria": 5, "learning_rate": 0.001, "epoch_index": 1, "train_loss": [0.7729711979400813, 0.48844150711230844], "train_acc": [68.84512937595136, 82.45457572298335], "val_loss": [0.536132184748954, 0.4724787444087629], "val_acc": [80.5429964539007, 83.17929964539007], "test_loss": 0.4741544820738176, "test_acc": 83.09840425531912, "model_filename": "models/model.pth"}